google.com,ADAwK9N2qhrpDuRQnD9pRb8DEpLA0o9rIGzOMP0w
facebook.com,OSsfQzhUh0NGmfRijg1PN5d6FXa2Sk0qenw2335V
youtube.com,g7Z69PVRFs8R0719VN8818qKfh714I4r9tO01xMw
yahoo.com,vnzO6mEpW7jrrfupzYulQaMBtmijtw4nfwekrQLR
baidu.com,98z74O66onr377010239v2002048K6hadS99CN0i
amazon.com,j2k6v7864gYe7I7k7Aj1n5eqh16QL3Q480BMb53M
wikipedia.org,4SC25t3D447Dr875614Wx60634Y435tX3807E2Mu
taobao.com,ZIQFGiY8R3yGyYAVkoNVJZXgXwoKI6ZGA7DTaC9S
twitter.com,LyNDH3FKM0OwS1BUlKsMY8yv7YCISOLbsddlEmEw
qq.com,WPHlKxJzhJSv70NB9j6Ub16mwDoNxhNpOec7ykaq
google.co.in,7H3597uT34s2dzh84W6Zcw868l6X4ex5E04P27Be
live.com,8Fe4OSMoJxthA025ShDUjUxzZU8vhxFzEwkiIutk
sina.com.cn,OHqyX3MIfB40sDel6oeZ9De7EL50bbMOJ59IrT7e
linkin.com,1Iix874Hzov4f96eYja3o7EZjDnN2s1a0kx857NG
tmall.com,pYqwKbcxzPzWyHVDCLTSLuxjSvQhsxjouDBO4UEi
yahoo.co.jp,768W6qM7wQPSJ85qD60FWyl91sB3x2F5g366A4Rq
weibo.com,4684AB59C4U9naiy2OMF0Oc8Hp6E29K6O2U7J36p
blogspot.com,99N7zP3KLg04BGw6JT1oxA94238UH1YJe6SHh6TD
ebay.com,D4C95kjAJ1OliM4cKbq696zjtXnnIUX1OY0YF12S
yandex.ru,X9OwAjqWvKLraBOMjhYBiCRd1IK89GyMjFlZySOq
generic-h3t.herokuapp.com,ADAwK9N2qhrpDuRQnD9pRb8DEpLA0o9rIGzOMP0w
